elapsed_ms,state,duty_pct,temp_tenths_c,rate_milli_c_per_s,peak_tenths_c,overshoot_tenths_c,fault
0,HEATING,25,278,0,278,0,0
1000,HEATING,25,283,0,292,0,0
2000,HEATING,25,289,0,292,0,0
3000,HEATING,25,287,0,292,0,0
4000,HEATING,25,276,0,292,0,0
5000,HEATING,25,285,0,292,0,0
6000,HEATING,25,287,0,293,0,0
7000,HEATING,25,286,0,293,0,0
8000,HEATING,25,273,0,293,0,0
9000,HEATING,25,292,0,296,0,0
10000,HEATING,25,287,90,300,0,0
11000,HEATING,25,295,90,300,0,0
12000,HEATING,25,296,90,300,0,0
13000,HEATING,25,297,90,306,0,0
14000,HEATING,25,305,90,306,0,0
15000,HEATING,25,302,90,311,0,0
16000,HEATING,25,307,90,317,0,0
17000,HEATING,25,305,90,317,0,0
18000,HEATING,25,304,90,317,0,0
19000,HEATING,25,309,90,319,0,0
20000,HEATING,25,316,290,319,0,0
21000,HEATING,25,312,290,319,0,0
22000,HEATING,25,326,290,337,0,0
23000,HEATING,25,332,290,337,0,0
24000,HEATING,25,332,290,337,0,0
25000,HEATING,25,336,290,341,0,0
26000,HEATING,25,335,290,351,0,0
27000,HEATING,25,345,290,351,0,0
28000,HEATING,25,344,290,351,0,0
29000,HEATING,25,358,290,358,0,0
30000,HEATING,25,354,380,358,0,0
31000,HEATING,25,356,380,359,0,0
32000,HEATING,25,356,380,366,0,0
33000,HEATING,25,360,380,366,0,0
34000,HEATING,25,367,380,371,0,0
35000,HEATING,25,371,380,380,0,0
36000,HEATING,25,376,380,390,0,0
37000,HEATING,25,382,380,390,0,0
38000,HEATING,25,392,380,392,0,0
39000,HEATING,25,392,380,407,0,0
40000,HEATING,25,390,360,407,0,0
41000,HEATING,25,395,360,407,0,0
42000,HEATING,25,400,360,407,0,0
43000,HEATING,25,402,360,407,0,0
44000,HEATING,25,412,360,413,0,0
45000,HEATING,25,416,360,416,0,0
46000,HEATING,25,416,360,424,0,0
47000,HEATING,25,426,360,439,0,0
48000,HEATING,25,430,360,439,0,0
49000,HEATING,25,435,360,442,0,0
50000,HEATING,25,443,530,443,0,0
51000,HEATING,25,444,530,444,0,0
52000,HEATING,25,450,530,450,0,0
53000,HEATING,25,453,530,454,0,0
54000,HEATING,25,461,530,461,0,0
55000,HEATING,25,459,530,462,0,0
56000,HEATING,25,472,530,472,0,0
57000,HEATING,25,475,530,475,0,0
58000,HEATING,25,479,530,479,0,0
59000,HEATING,25,483,530,483,0,0
60000,HEATING,25,484,410,489,0,0
61000,HEATING,25,491,410,500,0,0
62000,HEATING,25,499,410,500,0,0
63000,HEATING,25,503,410,505,0,0
64000,HEATING,25,507,410,507,0,0
65000,HEATING,25,514,410,514,0,0
66000,HEATING,25,518,410,518,0,0
67000,HEATING,25,523,410,524,0,0
68000,HEATING,25,529,410,530,0,0
69000,HEATING,25,536,410,536,0,0
70000,HEATING,25,542,580,542,0,0
71000,HEATING,25,547,580,547,0,0
72000,HEATING,25,551,580,557,0,0
73000,HEATING,25,559,580,559,0,0
74000,HEATING,25,560,580,563,0,0
75000,HEATING,25,567,580,567,0,0
76000,HEATING,25,572,580,572,0,0
77000,HEATING,25,577,580,579,0,0
78000,HEATING,25,585,580,585,0,0
79000,HEATING,25,592,580,594,0,0
80000,HEATING,25,594,520,597,0,0
81000,HEATING,25,602,520,602,0,0
82000,HEATING,25,609,520,611,0,0
83000,HEATING,25,615,520,615,0,0
84000,HEATING,25,619,520,621,0,0
85000,HEATING,25,623,520,626,0,0
86000,HEATING,25,631,520,632,0,0
87000,HEATING,25,637,520,639,0,0
88000,HEATING,25,644,520,644,0,0
89000,HEATING,25,650,520,652,0,0
90000,HEATING,25,655,610,660,0,0
91000,HEATING,25,662,610,663,0,0
92000,HEATING,25,672,610,672,0,0
93000,HEATING,25,675,610,675,0,0
94000,HEATING,25,682,610,682,0,0
95000,HEATING,25,689,610,689,0,0
96000,HEATING,25,696,610,696,0,0
97000,HEATING,25,705,610,705,0,0
98000,HEATING,25,709,610,709,0,0
99000,HEATING,25,717,610,718,0,0
100000,HEATING,25,724,690,724,0,0
101000,HEATING,25,731,690,731,0,0
102000,HEATING,25,738,690,738,0,0
103000,HEATING,25,744,690,744,0,0
104000,HEATING,25,753,690,753,0,0
105000,HEATING,25,759,690,760,0,0
106000,HEATING,25,767,690,767,0,0
107000,HEATING,25,777,690,777,0,0
108000,HEATING,25,783,690,783,0,0
109000,HEATING,25,793,690,793,0,0
110000,HEATING,25,800,760,800,0,0
111000,HEATING,25,808,760,808,0,0
112000,HEATING,25,816,760,816,0,0
113000,HEATING,25,824,760,824,0,0
114000,HEATING,25,834,760,834,0,0
115000,HEATING,25,842,760,842,0,0
116000,HEATING,25,852,760,852,0,0
117000,HEATING,25,858,760,858,0,0
118000,HEATING,25,869,760,869,0,0
119000,HEATING,25,878,760,878,0,0
120000,HEATING,25,886,860,886,0,0
121000,HEATING,25,896,860,896,0,0
122000,HEATING,25,905,860,905,0,0
123000,HEATING,25,913,860,913,0,0
124000,HEATING,25,925,860,925,0,0
125000,HEATING,25,933,860,933,0,0
126000,HEATING,25,942,860,942,0,0
127000,HEATING,25,953,860,953,0,0
128000,HEATING,25,963,860,963,0,0
129000,HEATING,25,973,860,973,0,0
130000,HEATING,25,981,950,982,0,0
131000,HEATING,25,992,950,992,0,0
132000,HEATING,25,1003,950,1003,0,0
133000,HEATING,25,1013,950,1013,0,0
134000,HEATING,25,1023,950,1023,0,0
135000,HEATING,25,1035,950,1035,0,0
136000,HEATING,25,1046,950,1046,0,0
137000,HEATING,25,1056,950,1056,0,0
138000,HEATING,25,1068,950,1068,0,0
139000,HEATING,25,1079,950,1079,0,0
140000,HEATING,25,1092,1110,1092,0,0
140700,COOLING,25,1100,1110,1100,0,0
141700,COOLING,25,1111,1110,1111,11,0
142700,COOLING,25,1123,1110,1123,23,0
143700,COOLING,25,1135,1110,1135,35,0
144700,COOLING,25,1145,1110,1145,45,0
145700,COOLING,25,1155,1110,1155,55,0
146700,COOLING,25,1163,1110,1164,64,0
147700,COOLING,25,1172,1110,1172,72,0
148700,COOLING,25,1179,1110,1179,79,0
149700,COOLING,25,1185,1110,1185,85,0
150700,COOLING,25,1191,910,1191,91,0
151700,COOLING,25,1193,910,1194,94,0
152700,COOLING,25,1196,910,1197,97,0
153700,COOLING,25,1198,910,1199,99,0
154700,COOLING,25,1200,910,1200,100,0
155700,COOLING,25,1201,910,1202,102,0
156700,COOLING,25,1202,910,1203,103,0
157700,COOLING,25,1202,910,1203,103,0
158700,COOLING,25,1201,910,1203,103,0
159700,COOLING,25,1201,910,1203,103,0
160700,COOLING,25,1200,90,1203,103,0
161700,COOLING,25,1200,90,1203,103,0
162700,COOLING,25,1199,90,1203,103,0
163700,COOLING,25,1196,90,1203,103,0
164700,COOLING,25,1194,90,1203,103,0
165700,COOLING,25,1193,90,1203,103,0
166700,COOLING,25,1191,90,1203,103,0
167700,COOLING,25,1188,90,1203,103,0
168700,COOLING,25,1185,90,1203,103,0
169700,COOLING,25,1182,90,1203,103,0
170700,COOLING,25,1180,-200,1203,103,0
171700,COOLING,25,1178,-200,1203,103,0
172700,COOLING,25,1176,-200,1203,103,0
173700,COOLING,25,1173,-200,1203,103,0
174700,COOLING,25,1170,-200,1203,103,0
175700,COOLING,25,1168,-200,1203,103,0
176700,COOLING,25,1164,-200,1203,103,0
177700,COOLING,25,1162,-200,1203,103,0
178700,COOLING,25,1158,-200,1203,103,0
179700,COOLING,25,1156,-200,1203,103,0
180700,COOLING,25,1155,-250,1203,103,0
181700,COOLING,25,1151,-250,1203,103,0
182700,COOLING,25,1148,-250,1203,103,0
183700,COOLING,25,1144,-250,1203,103,0
184700,COOLING,25,1141,-250,1203,103,0
185700,COOLING,25,1140,-250,1203,103,0
186700,COOLING,25,1137,-250,1203,103,0
187700,COOLING,25,1133,-250,1203,103,0
188700,COOLING,25,1131,-250,1203,103,0
189700,COOLING,25,1129,-250,1203,103,0
190700,COOLING,25,1124,-310,1203,103,0
191700,COOLING,25,1122,-310,1203,103,0
192700,COOLING,25,1120,-310,1203,103,0
193700,COOLING,25,1116,-310,1203,103,0
194700,COOLING,25,1114,-310,1203,103,0
195700,COOLING,25,1111,-310,1203,103,0
196700,COOLING,25,1107,-310,1203,103,0
197700,COOLING,25,1106,-310,1203,103,0
198700,COOLING,25,1102,-310,1203,103,0
199700,COOLING,25,1100,-310,1203,103,0
200700,COOLING,25,1097,-270,1203,103,0
201700,COOLING,25,1094,-270,1203,103,0
202700,COOLING,25,1090,-270,1203,103,0
203700,COOLING,25,1089,-270,1203,103,0
204700,COOLING,25,1085,-270,1203,103,0
205700,COOLING,25,1083,-270,1203,103,0
206700,COOLING,25,1081,-270,1203,103,0
207700,COOLING,25,1078,-270,1203,103,0
208700,COOLING,25,1075,-270,1203,103,0
209700,COOLING,25,1073,-270,1203,103,0
210700,COOLING,25,1070,-270,1203,103,0
211700,COOLING,25,1068,-270,1203,103,0
212700,COOLING,25,1065,-270,1203,103,0
213700,COOLING,25,1062,-270,1203,103,0
214700,COOLING,25,1060,-270,1203,103,0
215700,COOLING,25,1055,-270,1203,103,0
216700,COOLING,25,1054,-270,1203,103,0
217700,COOLING,25,1052,-270,1203,103,0
218700,COOLING,25,1049,-270,1203,103,0
219700,COOLING,25,1046,-270,1203,103,0
220700,COOLING,25,1043,-270,1203,103,0
221700,COOLING,25,1040,-270,1203,103,0
222700,COOLING,25,1039,-270,1203,103,0
223700,COOLING,25,1036,-270,1203,103,0
224700,COOLING,25,1034,-270,1203,103,0
225700,COOLING,25,1033,-270,1203,103,0
226700,COOLING,25,1029,-270,1203,103,0
227700,COOLING,25,1026,-270,1203,103,0
228700,COOLING,25,1024,-270,1203,103,0
229700,COOLING,25,1021,-270,1203,103,0
230700,COOLING,25,1019,-240,1203,103,0
231700,COOLING,25,1017,-240,1203,103,0
232700,COOLING,25,1014,-240,1203,103,0
233700,COOLING,25,1013,-240,1203,103,0
234700,COOLING,25,1010,-240,1203,103,0
235700,COOLING,25,1008,-240,1203,103,0
236700,COOLING,25,1006,-240,1203,103,0
237700,COOLING,25,1002,-240,1203,103,0
238700,COOLING,25,1001,-240,1203,103,0
239700,COOLING,25,998,-240,1203,103,0
240700,COOLING,25,995,-240,1203,103,0
241700,COOLING,25,993,-240,1203,103,0
242700,COOLING,25,992,-240,1203,103,0
243700,COOLING,25,988,-240,1203,103,0
244700,COOLING,25,985,-240,1203,103,0
245700,COOLING,25,982,-240,1203,103,0
246700,COOLING,25,981,-240,1203,103,0
247700,COOLING,25,978,-240,1203,103,0
248700,COOLING,25,976,-240,1203,103,0
249700,COOLING,25,975,-240,1203,103,0
250700,COOLING,25,971,-240,1203,103,0
251700,COOLING,25,970,-240,1203,103,0
252700,COOLING,25,968,-240,1203,103,0
253700,COOLING,25,966,-240,1203,103,0
254700,COOLING,25,962,-240,1203,103,0
255700,COOLING,25,961,-240,1203,103,0
256700,COOLING,25,958,-240,1203,103,0
257700,COOLING,25,956,-240,1203,103,0
258700,COOLING,25,953,-240,1203,103,0
259700,COOLING,25,952,-240,1203,103,0
260700,COOLING,25,949,-220,1203,103,0
261700,COOLING,25,948,-220,1203,103,0
262700,COOLING,25,946,-220,1203,103,0
263700,COOLING,25,944,-220,1203,103,0
264700,COOLING,25,942,-220,1203,103,0
265700,COOLING,25,938,-220,1203,103,0
266700,COOLING,25,936,-220,1203,103,0
267700,COOLING,25,935,-220,1203,103,0
268700,COOLING,25,932,-220,1203,103,0
269700,COOLING,25,932,-220,1203,103,0
270700,COOLING,25,928,-210,1203,103,0
271700,COOLING,25,928,-210,1203,103,0
272700,COOLING,25,925,-210,1203,103,0
273700,COOLING,25,922,-210,1203,103,0
274700,COOLING,25,921,-210,1203,103,0
275700,COOLING,25,919,-210,1203,103,0
276700,COOLING,25,917,-210,1203,103,0
277700,COOLING,25,915,-210,1203,103,0
278700,COOLING,25,912,-210,1203,103,0
279700,COOLING,25,911,-210,1203,103,0
280700,COOLING,25,908,-200,1203,103,0
281700,COOLING,25,907,-200,1203,103,0
282700,COOLING,25,906,-200,1203,103,0
283700,COOLING,25,903,-200,1203,103,0
284700,COOLING,25,902,-200,1203,103,0
285700,COOLING,25,901,-200,1203,103,0
286700,COOLING,25,900,-200,1203,103,0
287700,COOLING,25,896,-200,1203,103,0
288700,COOLING,25,894,-200,1203,103,0
289700,COOLING,25,893,-200,1203,103,0
290700,COOLING,25,891,-170,1203,103,0
291700,COOLING,25,888,-170,1203,103,0
292700,COOLING,25,888,-170,1203,103,0
293700,COOLING,25,886,-170,1203,103,0
294700,COOLING,25,884,-170,1203,103,0
295700,COOLING,25,882,-170,1203,103,0
296700,COOLING,25,881,-170,1203,103,0
297700,COOLING,25,877,-170,1203,103,0
298700,COOLING,25,875,-170,1203,103,0
299700,COOLING,25,876,-170,1203,103,0
300700,COOLING,25,873,-180,1203,103,0
301700,COOLING,25,870,-180,1203,103,0
302700,COOLING,25,869,-180,1203,103,0
303700,COOLING,25,866,-180,1203,103,0
304700,COOLING,25,865,-180,1203,103,0
305700,COOLING,25,864,-180,1203,103,0
306700,COOLING,25,862,-180,1203,103,0
307700,COOLING,25,860,-180,1203,103,0
308700,COOLING,25,858,-180,1203,103,0
309700,COOLING,25,856,-180,1203,103,0
310700,COOLING,25,856,-170,1203,103,0
311700,COOLING,25,852,-170,1203,103,0
312700,COOLING,25,851,-170,1203,103,0
313700,COOLING,25,850,-170,1203,103,0
314700,COOLING,25,847,-170,1203,103,0
315700,COOLING,25,846,-170,1203,103,0
316700,COOLING,25,844,-170,1203,103,0
317700,COOLING,25,841,-170,1203,103,0
318700,COOLING,25,841,-170,1203,103,0
319700,COOLING,25,840,-170,1203,103,0
320700,COOLING,25,838,-180,1203,103,0
321700,COOLING,25,836,-180,1203,103,0
322700,COOLING,25,834,-180,1203,103,0
323700,COOLING,25,833,-180,1203,103,0
324700,COOLING,25,833,-180,1203,103,0
325700,COOLING,25,831,-180,1203,103,0
326700,COOLING,25,827,-180,1203,103,0
327700,COOLING,25,826,-180,1203,103,0
328700,COOLING,25,824,-180,1203,103,0
329700,COOLING,25,823,-180,1203,103,0
330700,COOLING,25,823,-150,1203,103,0
331700,COOLING,25,819,-150,1203,103,0
332700,COOLING,25,819,-150,1203,103,0
333700,COOLING,25,817,-150,1203,103,0
334700,COOLING,25,816,-150,1203,103,0
335700,COOLING,25,812,-150,1203,103,0
336700,COOLING,25,813,-150,1203,103,0
337700,COOLING,25,810,-150,1203,103,0
338700,COOLING,25,809,-150,1203,103,0
339700,COOLING,25,806,-150,1203,103,0
340700,COOLING,25,805,-180,1203,103,0
341700,COOLING,25,804,-180,1203,103,0
342700,COOLING,25,805,-180,1203,103,0
343700,COOLING,25,803,-180,1203,103,0
344700,COOLING,25,801,-180,1203,103,0
345700,COOLING,25,798,-180,1203,103,0
346700,COOLING,25,799,-180,1203,103,0
347700,COOLING,25,796,-180,1203,103,0
348700,COOLING,25,795,-180,1203,103,0
349700,COOLING,25,793,-180,1203,103,0
350700,COOLING,25,791,-140,1203,103,0
351700,COOLING,25,792,-140,1203,103,0
352700,COOLING,25,788,-140,1203,103,0
353700,COOLING,25,788,-140,1203,103,0
354700,COOLING,25,786,-140,1203,103,0
355700,COOLING,25,785,-140,1203,103,0
356700,COOLING,25,783,-140,1203,103,0
357700,COOLING,25,781,-140,1203,103,0
358700,COOLING,25,781,-140,1203,103,0
359700,COOLING,25,778,-140,1203,103,0
360700,COOLING,25,779,-120,1203,103,0
361700,COOLING,25,776,-120,1203,103,0
362700,COOLING,25,773,-120,1203,103,0
363700,COOLING,25,772,-120,1203,103,0
364700,COOLING,25,770,-120,1203,103,0
365700,COOLING,25,770,-120,1203,103,0
366700,COOLING,25,769,-120,1203,103,0
367700,COOLING,25,767,-120,1203,103,0
368700,COOLING,25,765,-120,1203,103,0
369700,COOLING,25,764,-120,1203,103,0
370700,COOLING,25,763,-160,1203,103,0
371700,COOLING,25,763,-160,1203,103,0
372700,COOLING,25,760,-160,1203,103,0
373700,COOLING,25,758,-160,1203,103,0
374700,COOLING,25,758,-160,1203,103,0
375700,COOLING,25,757,-160,1203,103,0
376700,COOLING,25,757,-160,1203,103,0
377700,COOLING,25,756,-160,1203,103,0
378700,COOLING,25,754,-160,1203,103,0
379700,COOLING,25,751,-160,1203,103,0
380700,COOLING,25,751,-120,1203,103,0
381700,COOLING,25,749,-120,1203,103,0
382700,COOLING,25,748,-120,1203,103,0
383700,COOLING,25,748,-120,1203,103,0
384700,COOLING,25,745,-120,1203,103,0
385700,COOLING,25,745,-120,1203,103,0
386700,COOLING,25,744,-120,1203,103,0
387700,COOLING,25,743,-120,1203,103,0
388700,COOLING,25,741,-120,1203,103,0
389700,COOLING,25,738,-120,1203,103,0
390700,COOLING,25,738,-130,1203,103,0
391700,COOLING,25,737,-130,1203,103,0
392700,COOLING,25,735,-130,1203,103,0
393700,COOLING,25,734,-130,1203,103,0
394700,COOLING,25,731,-130,1203,103,0
395700,COOLING,25,731,-130,1203,103,0
396700,COOLING,25,730,-130,1203,103,0
397700,COOLING,25,730,-130,1203,103,0
398700,COOLING,25,727,-130,1203,103,0
399700,COOLING,25,726,-130,1203,103,0
400700,COOLING,25,725,-130,1203,103,0
401700,COOLING,25,722,-130,1203,103,0
402700,COOLING,25,723,-130,1203,103,0
403700,COOLING,25,720,-130,1203,103,0
404700,COOLING,25,720,-130,1203,103,0
405700,COOLING,25,720,-130,1203,103,0
406700,COOLING,25,717,-130,1203,103,0
407700,COOLING,25,719,-130,1203,103,0
408700,COOLING,25,716,-130,1203,103,0
409700,COOLING,25,716,-130,1203,103,0
410700,COOLING,25,713,-120,1203,103,0
411700,COOLING,25,711,-120,1203,103,0
412700,COOLING,25,710,-120,1203,103,0
413700,COOLING,25,709,-120,1203,103,0
414700,COOLING,25,707,-120,1203,103,0
415700,COOLING,25,704,-120,1203,103,0
416700,COOLING,25,704,-120,1203,103,0
417700,COOLING,25,705,-120,1203,103,0
418700,COOLING,25,703,-120,1203,103,0
419700,COOLING,25,702,-120,1203,103,0
420700,COOLING,25,700,-130,1203,103,0
421700,COOLING,25,700,-130,1203,103,0
422700,COOLING,25,698,-130,1203,103,0
423700,COOLING,25,696,-130,1203,103,0
424700,COOLING,25,698,-130,1203,103,0
425700,COOLING,25,696,-130,1203,103,0
426700,COOLING,25,695,-130,1203,103,0
427700,COOLING,25,692,-130,1203,103,0
428700,COOLING,25,689,-130,1203,103,0
429700,COOLING,25,690,-130,1203,103,0
430700,COOLING,25,687,-130,1203,103,0
431700,COOLING,25,688,-130,1203,103,0
432700,COOLING,25,688,-130,1203,103,0
433700,COOLING,25,686,-130,1203,103,0
434700,COOLING,25,685,-130,1203,103,0
435700,COOLING,25,683,-130,1203,103,0
436700,COOLING,25,683,-130,1203,103,0
437700,COOLING,25,681,-130,1203,103,0
438700,COOLING,25,683,-130,1203,103,0
439700,COOLING,25,680,-130,1203,103,0
440700,COOLING,25,677,-100,1203,103,0
441700,COOLING,25,679,-100,1203,103,0
442700,COOLING,25,678,-100,1203,103,0
443700,COOLING,25,675,-100,1203,103,0
444700,COOLING,25,673,-100,1203,103,0
445700,COOLING,25,672,-100,1203,103,0
446700,COOLING,25,671,-100,1203,103,0
447700,COOLING,25,670,-100,1203,103,0
448700,COOLING,25,671,-100,1203,103,0
449700,COOLING,25,673,-100,1203,103,0
450700,COOLING,25,669,-80,1203,103,0
451700,COOLING,25,665,-80,1203,103,0
452700,COOLING,25,667,-80,1203,103,0
453700,COOLING,25,667,-80,1203,103,0
454700,COOLING,25,664,-80,1203,103,0
455700,COOLING,25,664,-80,1203,103,0
456700,COOLING,25,661,-80,1203,103,0
457700,COOLING,25,662,-80,1203,103,0
458700,COOLING,25,661,-80,1203,103,0
459700,COOLING,25,660,-80,1203,103,0
460700,COOLING,25,657,-120,1203,103,0
461700,COOLING,25,659,-120,1203,103,0
462700,COOLING,25,656,-120,1203,103,0
463700,COOLING,25,657,-120,1203,103,0
464700,COOLING,25,657,-120,1203,103,0
465700,COOLING,25,653,-120,1203,103,0
466700,COOLING,25,651,-120,1203,103,0
467700,COOLING,25,654,-120,1203,103,0
468700,COOLING,25,653,-120,1203,103,0
469700,COOLING,25,649,-120,1203,103,0
470700,COOLING,25,649,-80,1203,103,0
471700,COOLING,25,646,-80,1203,103,0
472700,COOLING,25,648,-80,1203,103,0
473700,COOLING,25,646,-80,1203,103,0
474700,COOLING,25,643,-80,1203,103,0
475700,COOLING,25,645,-80,1203,103,0
476700,COOLING,25,641,-80,1203,103,0
477700,COOLING,25,641,-80,1203,103,0
478700,COOLING,25,642,-80,1203,103,0
479700,COOLING,25,642,-80,1203,103,0
480700,COOLING,25,640,-90,1203,103,0
481700,COOLING,25,640,-90,1203,103,0
482700,COOLING,25,638,-90,1203,103,0
483700,COOLING,25,638,-90,1203,103,0
484700,COOLING,25,637,-90,1203,103,0
485700,COOLING,25,634,-90,1203,103,0
486700,COOLING,25,634,-90,1203,103,0
487700,COOLING,25,631,-90,1203,103,0
488700,COOLING,25,632,-90,1203,103,0
489700,COOLING,25,631,-90,1203,103,0
490700,COOLING,25,629,-110,1203,103,0
491700,COOLING,25,630,-110,1203,103,0
492700,COOLING,25,630,-110,1203,103,0
493700,COOLING,25,625,-110,1203,103,0
494700,COOLING,25,626,-110,1203,103,0
495700,COOLING,25,625,-110,1203,103,0
496700,COOLING,25,627,-110,1203,103,0
497700,COOLING,25,623,-110,1203,103,0
498700,COOLING,25,622,-110,1203,103,0
499700,COOLING,25,624,-110,1203,103,0
500700,COOLING,25,622,-70,1203,103,0
501700,COOLING,25,620,-70,1203,103,0
502700,COOLING,25,618,-70,1203,103,0
503700,COOLING,25,620,-70,1203,103,0
504700,COOLING,25,618,-70,1203,103,0
505700,COOLING,25,617,-70,1203,103,0
506700,COOLING,25,617,-70,1203,103,0
507700,COOLING,25,613,-70,1203,103,0
508700,COOLING,25,614,-70,1203,103,0
509700,COOLING,25,613,-70,1203,103,0
510700,COOLING,25,613,-90,1203,103,0
511700,COOLING,25,612,-90,1203,103,0
512700,COOLING,25,612,-90,1203,103,0
513700,COOLING,25,611,-90,1203,103,0
514700,COOLING,25,609,-90,1203,103,0
515700,COOLING,25,609,-90,1203,103,0
516700,COOLING,25,609,-90,1203,103,0
517700,COOLING,25,606,-90,1203,103,0
518700,COOLING,25,607,-90,1203,103,0
519700,COOLING,25,606,-90,1203,103,0
520700,COOLING,25,606,-70,1203,103,0
521700,COOLING,25,602,-70,1203,103,0
522700,COOLING,25,603,-70,1203,103,0
523700,COOLING,25,600,-70,1203,103,0
524700,COOLING,25,601,-70,1203,103,0
525700,COOLING,25,602,-70,1203,103,0
526700,COOLING,25,601,-70,1203,103,0
527700,COOLING,25,600,-70,1203,103,0
528700,COOLING,25,596,-70,1203,103,0
529700,COOLING,25,597,-70,1203,103,0
530700,COOLING,25,597,-90,1203,103,0
531700,COOLING,25,595,-90,1203,103,0
532700,COOLING,25,598,-90,1203,103,0
533700,COOLING,25,594,-90,1203,103,0
534700,COOLING,25,595,-90,1203,103,0
535700,COOLING,25,596,-90,1203,103,0
536700,COOLING,25,592,-90,1203,103,0
537700,COOLING,25,592,-90,1203,103,0
538700,COOLING,25,588,-90,1203,103,0
539700,COOLING,25,588,-90,1203,103,0
540700,COOLING,25,590,-70,1203,103,0
541700,COOLING,25,589,-70,1203,103,0
542700,COOLING,25,587,-70,1203,103,0
543700,COOLING,25,589,-70,1203,103,0
544700,COOLING,25,586,-70,1203,103,0
545700,COOLING,25,584,-70,1203,103,0
546700,COOLING,25,583,-70,1203,103,0
547700,COOLING,25,585,-70,1203,103,0
548700,COOLING,25,582,-70,1203,103,0
549700,COOLING,25,580,-70,1203,103,0
550700,COOLING,25,583,-70,1203,103,0
551700,COOLING,25,582,-70,1203,103,0
552700,COOLING,25,577,-70,1203,103,0
553700,COOLING,25,581,-70,1203,103,0
554700,COOLING,25,574,-70,1203,103,0
555700,COOLING,25,583,-70,1203,103,0
556700,COOLING,25,578,-70,1203,103,0
557700,COOLING,25,574,-70,1203,103,0
558700,COOLING,25,575,-70,1203,103,0
559700,COOLING,25,576,-70,1203,103,0
560700,COOLING,25,573,-100,1203,103,0
561700,COOLING,25,575,-100,1203,103,0
562700,COOLING,25,571,-100,1203,103,0
563700,COOLING,25,571,-100,1203,103,0
564700,COOLING,25,569,-100,1203,103,0
565700,COOLING,25,569,-100,1203,103,0
566700,COOLING,25,570,-100,1203,103,0
567700,COOLING,25,568,-100,1203,103,0
568700,COOLING,25,569,-100,1203,103,0
569700,COOLING,25,566,-100,1203,103,0
570700,COOLING,25,566,-70,1203,103,0
571700,COOLING,25,567,-70,1203,103,0
572700,COOLING,25,566,-70,1203,103,0
573700,COOLING,25,567,-70,1203,103,0
574700,COOLING,25,563,-70,1203,103,0
575700,COOLING,25,564,-70,1203,103,0
576700,COOLING,25,560,-70,1203,103,0
577700,COOLING,25,563,-70,1203,103,0
578700,COOLING,25,559,-70,1203,103,0
579700,COOLING,25,560,-70,1203,103,0
580700,COOLING,25,557,-90,1203,103,0
581700,COOLING,25,563,-90,1203,103,0
582700,COOLING,25,561,-90,1203,103,0
583700,COOLING,25,559,-90,1203,103,0
584700,COOLING,25,556,-90,1203,103,0
585700,COOLING,25,557,-90,1203,103,0
586700,COOLING,25,555,-90,1203,103,0
587700,COOLING,25,551,-90,1203,103,0
588700,COOLING,25,552,-90,1203,103,0
589700,COOLING,25,555,-90,1203,103,0
590700,COOLING,25,552,-50,1203,103,0
591700,COOLING,25,552,-50,1203,103,0
592700,COOLING,25,552,-50,1203,103,0
593700,COOLING,25,549,-50,1203,103,0
594700,COOLING,25,549,-50,1203,103,0
595700,COOLING,25,550,-50,1203,103,0
596700,COOLING,25,547,-50,1203,103,0
597700,COOLING,25,547,-50,1203,103,0
598700,COOLING,25,546,-50,1203,103,0
599700,COOLING,25,550,-50,1203,103,0
600700,COOLING,25,546,-60,1203,103,0
601700,COOLING,25,548,-60,1203,103,0
602700,COOLING,25,545,-60,1203,103,0
603700,COOLING,25,543,-60,1203,103,0
604700,COOLING,25,544,-60,1203,103,0
605700,COOLING,25,543,-60,1203,103,0
606700,COOLING,25,541,-60,1203,103,0
607700,COOLING,25,539,-60,1203,103,0
608700,COOLING,25,542,-60,1203,103,0
609700,COOLING,25,541,-60,1203,103,0
610700,COOLING,25,540,-60,1203,103,0
611700,COOLING,25,537,-60,1203,103,0
612700,COOLING,25,541,-60,1203,103,0
613700,COOLING,25,535,-60,1203,103,0
614700,COOLING,25,539,-60,1203,103,0
615700,COOLING,25,534,-60,1203,103,0
616700,COOLING,25,535,-60,1203,103,0
617700,COOLING,25,532,-60,1203,103,0
618700,COOLING,25,535,-60,1203,103,0
619700,COOLING,25,532,-60,1203,103,0
620700,COOLING,25,532,-80,1203,103,0
621700,COOLING,25,533,-80,1203,103,0
622700,COOLING,25,535,-80,1203,103,0
623700,COOLING,25,535,-80,1203,103,0
624700,COOLING,25,532,-80,1203,103,0
625700,COOLING,25,532,-80,1203,103,0
626700,COOLING,25,529,-80,1203,103,0
627700,COOLING,25,532,-80,1203,103,0
628700,COOLING,25,530,-80,1203,103,0
629700,COOLING,25,528,-80,1203,103,0
630700,COOLING,25,528,-40,1203,103,0
631700,COOLING,25,528,-40,1203,103,0
632700,COOLING,25,529,-40,1203,103,0
633700,COOLING,25,528,-40,1203,103,0
634700,COOLING,25,526,-40,1203,103,0
635700,COOLING,25,526,-40,1203,103,0
636700,COOLING,25,526,-40,1203,103,0
637700,COOLING,25,528,-40,1203,103,0
638700,COOLING,25,524,-40,1203,103,0
639700,COOLING,25,523,-40,1203,103,0
640700,COOLING,25,519,-90,1203,103,0
641700,COOLING,25,521,-90,1203,103,0
642700,COOLING,25,525,-90,1203,103,0
643700,COOLING,25,518,-90,1203,103,0
644700,COOLING,25,522,-90,1203,103,0
645700,COOLING,25,520,-90,1203,103,0
646700,COOLING,25,519,-90,1203,103,0
647700,COOLING,25,518,-90,1203,103,0
648700,COOLING,25,518,-90,1203,103,0
649700,COOLING,25,518,-90,1203,103,0
650700,COOLING,25,518,-10,1203,103,0
651700,COOLING,25,518,-10,1203,103,0
652700,COOLING,25,516,-10,1203,103,0
653700,COOLING,25,516,-10,1203,103,0
654700,COOLING,25,519,-10,1203,103,0
655700,COOLING,25,516,-10,1203,103,0
656700,COOLING,25,511,-10,1203,103,0
657700,COOLING,25,518,-10,1203,103,0
658700,COOLING,25,513,-10,1203,103,0
659700,COOLING,25,510,-10,1203,103,0
660700,COOLING,25,512,-60,1203,103,0
661700,COOLING,25,514,-60,1203,103,0
662700,COOLING,25,510,-60,1203,103,0
663700,COOLING,25,509,-60,1203,103,0
664700,COOLING,25,509,-60,1203,103,0
665700,COOLING,25,510,-60,1203,103,0
666700,COOLING,25,510,-60,1203,103,0
667700,COOLING,25,506,-60,1203,103,0
668700,COOLING,25,509,-60,1203,103,0
669700,COOLING,25,507,-60,1203,103,0
670700,COOLING,25,504,-80,1203,103,0
671700,COOLING,25,504,-80,1203,103,0
672700,COOLING,25,508,-80,1203,103,0
673700,COOLING,25,505,-80,1203,103,0
674700,COOLING,25,505,-80,1203,103,0
675700,COOLING,25,504,-80,1203,103,0
676700,COOLING,25,503,-80,1203,103,0
677700,COOLING,25,503,-80,1203,103,0
678700,COOLING,25,503,-80,1203,103,0
679700,COOLING,25,500,-80,1203,103,0
680700,COOLING,25,498,-60,1203,103,0
681700,COOLING,25,500,-60,1203,103,0
682700,COOLING,25,500,-60,1203,103,0
683700,COOLING,25,500,-60,1203,103,0
684700,COOLING,25,500,-60,1203,103,0
685700,COOLING,25,500,-60,1203,103,0
686700,COOLING,25,500,-60,1203,103,0
687700,COOLING,25,500,-60,1203,103,0
688700,COOLING,25,500,-60,1203,103,0
689700,COOLING,25,496,-60,1203,103,0
690700,COOLING,25,498,0,1203,103,0
691700,COOLING,25,497,0,1203,103,0
692700,COOLING,25,495,0,1203,103,0
693700,COOLING,25,496,0,1203,103,0
694700,COOLING,25,488,0,1203,103,0
695700,COOLING,25,493,0,1203,103,0
696700,COOLING,25,495,0,1203,103,0
697700,COOLING,25,492,0,1203,103,0
698700,COOLING,25,493,0,1203,103,0
699700,COOLING,25,493,0,1203,103,0
700700,COOLING,25,490,-80,1203,103,0
701700,COOLING,25,493,-80,1203,103,0
702700,COOLING,25,491,-80,1203,103,0
703700,COOLING,25,487,-80,1203,103,0
704700,COOLING,25,488,-80,1203,103,0
705700,COOLING,25,488,-80,1203,103,0
706700,COOLING,25,489,-80,1203,103,0
707700,COOLING,25,487,-80,1203,103,0
708700,COOLING,25,488,-80,1203,103,0
709700,COOLING,25,486,-80,1203,103,0
710700,COOLING,25,487,-30,1203,103,0
711700,COOLING,25,484,-30,1203,103,0
712700,COOLING,25,485,-30,1203,103,0
713700,COOLING,25,484,-30,1203,103,0
714700,COOLING,25,484,-30,1203,103,0
715700,COOLING,25,487,-30,1203,103,0
716700,COOLING,25,483,-30,1203,103,0
717700,COOLING,25,483,-30,1203,103,0
718700,COOLING,25,478,-30,1203,103,0
719700,COOLING,25,487,-30,1203,103,0
720700,COOLING,25,478,-90,1203,103,0
721700,COOLING,25,480,-90,1203,103,0
722700,COOLING,25,479,-90,1203,103,0
723700,COOLING,25,481,-90,1203,103,0
724700,COOLING,25,480,-90,1203,103,0
725700,COOLING,25,479,-90,1203,103,0
726700,COOLING,25,484,-90,1203,103,0
727700,COOLING,25,476,-90,1203,103,0
728700,COOLING,25,478,-90,1203,103,0
729700,COOLING,25,480,-90,1203,103,0
730700,COOLING,25,477,-10,1203,103,0
731700,COOLING,25,473,-10,1203,103,0
732700,COOLING,25,476,-10,1203,103,0
733700,COOLING,25,476,-10,1203,103,0
734700,COOLING,25,473,-10,1203,103,0
735700,COOLING,25,476,-10,1203,103,0
736700,COOLING,25,474,-10,1203,103,0
737700,COOLING,25,474,-10,1203,103,0
738700,COOLING,25,473,-10,1203,103,0
739700,COOLING,25,475,-10,1203,103,0
740700,COOLING,25,473,-40,1203,103,0
741700,COOLING,25,478,-40,1203,103,0
742700,COOLING,25,471,-40,1203,103,0
743700,COOLING,25,470,-40,1203,103,0
744700,COOLING,25,472,-40,1203,103,0
745700,COOLING,25,465,-40,1203,103,0
746700,COOLING,25,472,-40,1203,103,0
747700,COOLING,25,471,-40,1203,103,0
748700,COOLING,25,467,-40,1203,103,0
749700,COOLING,25,472,-40,1203,103,0
750700,COOLING,25,469,-40,1203,103,0
751700,COOLING,25,467,-40,1203,103,0
752700,COOLING,25,465,-40,1203,103,0
753700,COOLING,25,468,-40,1203,103,0
754700,COOLING,25,471,-40,1203,103,0
755700,COOLING,25,470,-40,1203,103,0
756700,COOLING,25,467,-40,1203,103,0
757700,COOLING,25,465,-40,1203,103,0
758700,COOLING,25,463,-40,1203,103,0
759700,COOLING,25,464,-40,1203,103,0
760700,COOLING,25,465,-40,1203,103,0
761700,COOLING,25,466,-40,1203,103,0
762700,COOLING,25,463,-40,1203,103,0
763700,COOLING,25,465,-40,1203,103,0
764700,COOLING,25,462,-40,1203,103,0
765700,COOLING,25,463,-40,1203,103,0
766700,COOLING,25,465,-40,1203,103,0
767700,COOLING,25,464,-40,1203,103,0
768700,COOLING,25,464,-40,1203,103,0
769700,COOLING,25,459,-40,1203,103,0
770700,COOLING,25,461,-40,1203,103,0
771700,COOLING,25,458,-40,1203,103,0
772700,COOLING,25,463,-40,1203,103,0
773700,COOLING,25,458,-40,1203,103,0
774700,COOLING,25,462,-40,1203,103,0
775700,COOLING,25,457,-40,1203,103,0
776700,COOLING,25,458,-40,1203,103,0
777700,COOLING,25,458,-40,1203,103,0
778700,COOLING,25,461,-40,1203,103,0
779700,COOLING,25,457,-40,1203,103,0
780700,COOLING,25,455,-60,1203,103,0
781700,COOLING,25,455,-60,1203,103,0
782700,COOLING,25,462,-60,1203,103,0
783700,COOLING,25,456,-60,1203,103,0
784700,COOLING,25,455,-60,1203,103,0
785700,COOLING,25,458,-60,1203,103,0
786700,COOLING,25,457,-60,1203,103,0
787700,COOLING,25,456,-60,1203,103,0
788700,COOLING,25,454,-60,1203,103,0
789700,COOLING,25,453,-60,1203,103,0
790700,COOLING,25,454,-10,1203,103,0
791700,COOLING,25,455,-10,1203,103,0
792700,COOLING,25,455,-10,1203,103,0
793700,COOLING,25,460,-10,1203,103,0
794700,COOLING,25,450,-10,1203,103,0
795700,COOLING,25,453,-10,1203,103,0
796700,COOLING,25,451,-10,1203,103,0
797700,COOLING,25,453,-10,1203,103,0
798700,COOLING,25,452,-10,1203,103,0
799700,COOLING,25,446,-10,1203,103,0
800700,COOLING,25,451,-30,1203,103,0
801700,COOLING,25,445,-30,1203,103,0
802700,COOLING,25,450,-30,1203,103,0
803700,COOLING,25,447,-30,1203,103,0
804700,COOLING,25,446,-30,1203,103,0
805700,COOLING,25,448,-30,1203,103,0
806700,COOLING,25,448,-30,1203,103,0
807700,COOLING,25,450,-30,1203,103,0
808700,COOLING,25,447,-30,1203,103,0
809700,COOLING,25,448,-30,1203,103,0
810700,COOLING,25,443,-80,1203,103,0
811700,COOLING,25,444,-80,1203,103,0
812700,COOLING,25,446,-80,1203,103,0
813700,COOLING,25,446,-80,1203,103,0
814700,COOLING,25,446,-80,1203,103,0
815700,COOLING,25,448,-80,1203,103,0
816700,COOLING,25,446,-80,1203,103,0
817700,COOLING,25,446,-80,1203,103,0
818700,COOLING,25,444,-80,1203,103,0
819700,COOLING,25,444,-80,1203,103,0
820700,COOLING,25,440,-30,1203,103,0
821700,COOLING,25,441,-30,1203,103,0
822700,COOLING,25,442,-30,1203,103,0
823700,COOLING,25,441,-30,1203,103,0
824700,COOLING,25,442,-30,1203,103,0
825700,COOLING,25,440,-30,1203,103,0
826700,COOLING,25,441,-30,1203,103,0
827700,COOLING,25,438,-30,1203,103,0
828700,COOLING,25,443,-30,1203,103,0
829700,COOLING,25,443,-30,1203,103,0
830700,COOLING,25,440,0,1203,103,0
831700,COOLING,25,439,0,1203,103,0
832700,COOLING,25,440,0,1203,103,0
833700,COOLING,25,442,0,1203,103,0
834700,COOLING,25,442,0,1203,103,0
835700,COOLING,25,440,0,1203,103,0
836700,COOLING,25,438,0,1203,103,0
837700,COOLING,25,435,0,1203,103,0
838700,COOLING,25,434,0,1203,103,0
839700,COOLING,25,436,0,1203,103,0
840700,COOLING,25,436,-40,1203,103,0
841700,COOLING,25,438,-40,1203,103,0
842700,COOLING,25,431,-40,1203,103,0
843700,COOLING,25,435,-40,1203,103,0
844700,COOLING,25,436,-40,1203,103,0
845700,COOLING,25,431,-40,1203,103,0
846700,COOLING,25,437,-40,1203,103,0
847700,COOLING,25,436,-40,1203,103,0
848700,COOLING,25,432,-40,1203,103,0
849700,COOLING,25,433,-40,1203,103,0
850700,COOLING,25,433,-30,1203,103,0
851700,COOLING,25,435,-30,1203,103,0
852700,COOLING,25,432,-30,1203,103,0
853700,COOLING,25,431,-30,1203,103,0
854700,COOLING,25,433,-30,1203,103,0
855700,COOLING,25,427,-30,1203,103,0
856700,COOLING,25,433,-30,1203,103,0
857700,COOLING,25,427,-30,1203,103,0
858700,COOLING,25,432,-30,1203,103,0
859700,COOLING,25,430,-30,1203,103,0
860700,COOLING,25,432,-10,1203,103,0
861700,COOLING,25,427,-10,1203,103,0
862700,COOLING,25,428,-10,1203,103,0
863700,COOLING,25,428,-10,1203,103,0
864700,COOLING,25,431,-10,1203,103,0
865700,COOLING,25,427,-10,1203,103,0
866700,COOLING,25,425,-10,1203,103,0
867700,COOLING,25,425,-10,1203,103,0
868700,COOLING,25,429,-10,1203,103,0
869700,COOLING,25,430,-10,1203,103,0
870700,COOLING,25,427,-50,1203,103,0
871700,COOLING,25,427,-50,1203,103,0
872700,COOLING,25,428,-50,1203,103,0
873700,COOLING,25,427,-50,1203,103,0
874700,COOLING,25,424,-50,1203,103,0
875700,COOLING,25,424,-50,1203,103,0
876700,COOLING,25,427,-50,1203,103,0
877700,COOLING,25,427,-50,1203,103,0
878700,COOLING,25,429,-50,1203,103,0
879700,COOLING,25,427,-50,1203,103,0
880700,COOLING,25,422,-50,1203,103,0
881700,COOLING,25,421,-50,1203,103,0
882700,COOLING,25,417,-50,1203,103,0
883700,COOLING,25,426,-50,1203,103,0
884700,COOLING,25,416,-50,1203,103,0
885700,COOLING,25,423,-50,1203,103,0
886700,COOLING,25,421,-50,1203,103,0
887700,COOLING,25,424,-50,1203,103,0
888700,COOLING,25,416,-50,1203,103,0
889700,COOLING,25,420,-50,1203,103,0
890700,COOLING,25,418,-40,1203,103,0
891700,COOLING,25,420,-40,1203,103,0
892700,COOLING,25,423,-40,1203,103,0
893700,COOLING,25,424,-40,1203,103,0
894700,COOLING,25,422,-40,1203,103,0
895700,COOLING,25,416,-40,1203,103,0
896700,COOLING,25,421,-40,1203,103,0
897700,COOLING,25,418,-40,1203,103,0
898700,COOLING,25,418,-40,1203,103,0
899700,COOLING,25,421,-40,1203,103,0
900700,COOLING,25,416,-20,1203,103,0
901700,COOLING,25,422,-20,1203,103,0
902700,COOLING,25,415,-20,1203,103,0
903700,COOLING,25,417,-20,1203,103,0
904700,COOLING,25,420,-20,1203,103,0
905700,COOLING,25,411,-20,1203,103,0
906700,COOLING,25,420,-20,1203,103,0
907700,COOLING,25,414,-20,1203,103,0
908700,COOLING,25,412,-20,1203,103,0
909700,COOLING,25,416,-20,1203,103,0
910700,COOLING,25,415,-10,1203,103,0
911700,COOLING,25,422,-10,1203,103,0
912700,COOLING,25,413,-10,1203,103,0
913700,COOLING,25,413,-10,1203,103,0
914700,COOLING,25,414,-10,1203,103,0
915700,COOLING,25,415,-10,1203,103,0
916700,COOLING,25,418,-10,1203,103,0
917700,COOLING,25,415,-10,1203,103,0
918700,COOLING,25,418,-10,1203,103,0
919700,COOLING,25,411,-10,1203,103,0
920700,COOLING,25,413,-20,1203,103,0
921700,COOLING,25,410,-20,1203,103,0
922700,COOLING,25,413,-20,1203,103,0
923700,COOLING,25,413,-20,1203,103,0
924700,COOLING,25,414,-20,1203,103,0
925700,COOLING,25,409,-20,1203,103,0
926700,COOLING,25,411,-20,1203,103,0
927700,COOLING,25,413,-20,1203,103,0
928700,COOLING,25,411,-20,1203,103,0
929700,COOLING,25,408,-20,1203,103,0
930700,COOLING,25,411,-20,1203,103,0
931700,COOLING,25,410,-20,1203,103,0
932700,COOLING,25,413,-20,1203,103,0
933700,COOLING,25,410,-20,1203,103,0
934700,COOLING,25,409,-20,1203,103,0
935700,COOLING,25,408,-20,1203,103,0
936700,COOLING,25,406,-20,1203,103,0
937700,COOLING,25,410,-20,1203,103,0
938700,COOLING,25,406,-20,1203,103,0
939700,COOLING,25,407,-20,1203,103,0
940700,COOLING,25,405,-60,1203,103,0
941700,COOLING,25,406,-60,1203,103,0
942700,COOLING,25,408,-60,1203,103,0
943700,COOLING,25,411,-60,1203,103,0
944700,COOLING,25,406,-60,1203,103,0
945700,COOLING,25,408,-60,1203,103,0
946700,COOLING,25,403,-60,1203,103,0
947700,COOLING,25,406,-60,1203,103,0
948700,COOLING,25,407,-60,1203,103,0
949700,COOLING,25,407,-60,1203,103,0
950700,COOLING,25,404,-10,1203,103,0
951700,COOLING,25,404,-10,1203,103,0
952700,COOLING,25,406,-10,1203,103,0
953700,COOLING,25,400,-10,1203,103,0
954700,COOLING,25,405,-10,1203,103,0
955700,COOLING,25,404,-10,1203,103,0
956700,COOLING,25,411,-10,1203,103,0
957700,COOLING,25,407,-10,1203,103,0
958700,COOLING,25,406,-10,1203,103,0
959700,COOLING,25,404,-10,1203,103,0
960700,COOLING,25,404,0,1203,103,0
961700,COOLING,25,399,0,1203,103,0
962700,COOLING,25,402,0,1203,103,0
963700,COOLING,25,400,0,1203,103,0
964700,COOLING,25,400,0,1203,103,0
965700,COOLING,25,400,0,1203,103,0
966700,COOLING,25,398,0,1203,103,0
967700,COOLING,25,396,0,1203,103,0
968700,COOLING,25,394,0,1203,103,0
969700,COOLING,25,394,0,1203,103,0
970700,COOLING,25,393,-110,1203,103,0
971700,COOLING,25,398,-110,1203,103,0
972700,COOLING,25,396,-110,1203,103,0
973700,COOLING,25,394,-110,1203,103,0
974700,COOLING,25,393,-110,1203,103,0
975700,COOLING,25,392,-110,1203,103,0
976700,COOLING,25,394,-110,1203,103,0
977700,COOLING,25,398,-110,1203,103,0
978700,COOLING,25,393,-110,1203,103,0
979700,COOLING,25,390,-110,1203,103,0
980700,COOLING,25,386,-70,1203,103,0
981700,COOLING,25,391,-70,1203,103,0
982700,COOLING,25,393,-70,1203,103,0
983700,COOLING,25,390,-70,1203,103,0
984700,COOLING,25,391,-70,1203,103,0
985700,COOLING,25,387,-70,1203,103,0
986700,COOLING,25,386,-70,1203,103,0
987700,COOLING,25,382,-70,1203,103,0
988700,COOLING,25,382,-70,1203,103,0
989700,COOLING,25,388,-70,1203,103,0
990700,COOLING,25,384,-20,1203,103,0
991700,COOLING,25,388,-20,1203,103,0
992700,COOLING,25,380,-20,1203,103,0
993700,COOLING,25,381,-20,1203,103,0
994700,COOLING,25,381,-20,1203,103,0
995700,COOLING,25,383,-20,1203,103,0
996700,COOLING,25,381,-20,1203,103,0
997700,COOLING,25,379,-20,1203,103,0
998700,COOLING,25,379,-20,1203,103,0
999700,COOLING,25,376,-20,1203,103,0
1000700,COOLING,25,374,-100,1203,103,0
1001700,COOLING,25,377,-100,1203,103,0
1002700,COOLING,25,381,-100,1203,103,0
1003700,COOLING,25,381,-100,1203,103,0
1004700,COOLING,25,372,-100,1203,103,0
1005700,COOLING,25,378,-100,1203,103,0
1006700,COOLING,25,376,-100,1203,103,0
1007700,COOLING,25,381,-100,1203,103,0
1008700,COOLING,25,379,-100,1203,103,0
1009700,COOLING,25,368,-100,1203,103,0
1010700,COOLING,25,368,-60,1203,103,0
1011700,COOLING,25,369,-60,1203,103,0
1012700,COOLING,25,373,-60,1203,103,0
1013700,COOLING,25,370,-60,1203,103,0
1014700,COOLING,25,374,-60,1203,103,0
1015700,COOLING,25,373,-60,1203,103,0
1016700,COOLING,25,366,-60,1203,103,0
1017700,COOLING,25,374,-60,1203,103,0
1018700,COOLING,25,371,-60,1203,103,0
1019700,COOLING,25,369,-60,1203,103,0
1020700,COOLING,25,368,0,1203,103,0
1021700,COOLING,25,368,0,1203,103,0
1022700,COOLING,25,368,0,1203,103,0
1023700,COOLING,25,363,0,1203,103,0
1024700,COOLING,25,366,0,1203,103,0
1025700,COOLING,25,368,0,1203,103,0
1026700,COOLING,25,361,0,1203,103,0
1027700,COOLING,25,356,0,1203,103,0
1028700,COOLING,25,365,0,1203,103,0
1029700,COOLING,25,360,0,1203,103,0
1030700,COOLING,25,361,-70,1203,103,0
1031700,COOLING,25,363,-70,1203,103,0
1032700,COOLING,25,363,-70,1203,103,0
1033700,COOLING,25,362,-70,1203,103,0
1034700,COOLING,25,360,-70,1203,103,0
1035700,COOLING,25,363,-70,1203,103,0
1036700,COOLING,25,356,-70,1203,103,0
1037700,COOLING,25,359,-70,1203,103,0
1038700,COOLING,25,357,-70,1203,103,0
1039700,COOLING,25,359,-70,1203,103,0
1040700,COOLING,25,358,-30,1203,103,0
1041700,COOLING,25,359,-30,1203,103,0
1042700,COOLING,25,361,-30,1203,103,0
1043700,COOLING,25,356,-30,1203,103,0
1044700,COOLING,25,356,-30,1203,103,0
1045700,COOLING,25,353,-30,1203,103,0
1046700,COOLING,25,356,-30,1203,103,0
1047700,COOLING,25,357,-30,1203,103,0
1048700,COOLING,25,353,-30,1203,103,0
1049700,COOLING,25,354,-30,1203,103,0
1050700,COOLING,25,353,-50,1203,103,0
1051700,COOLING,25,350,-50,1203,103,0
1052700,COOLING,25,350,-50,1203,103,0
1053700,COOLING,25,349,-50,1203,103,0
1054700,COOLING,25,347,-50,1203,103,0
1055700,COOLING,25,348,-50,1203,103,0
1056700,COOLING,25,354,-50,1203,103,0
1057700,COOLING,25,346,-50,1203,103,0
1058700,COOLING,25,348,-50,1203,103,0
1059700,COOLING,25,353,-50,1203,103,0
1060700,COOLING,25,349,-40,1203,103,0
1061700,COOLING,25,349,-40,1203,103,0
1062700,COOLING,25,350,-40,1203,103,0
1063700,COOLING,25,353,-40,1203,103,0
1064700,COOLING,25,346,-40,1203,103,0
1065700,COOLING,25,346,-40,1203,103,0
1066700,COOLING,25,351,-40,1203,103,0
1067700,COOLING,25,347,-40,1203,103,0
1068700,COOLING,25,339,-40,1203,103,0
1069700,COOLING,25,352,-40,1203,103,0
1070700,COOLING,25,347,-20,1203,103,0
1071700,COOLING,25,349,-20,1203,103,0
1072700,COOLING,25,342,-20,1203,103,0
1073700,COOLING,25,341,-20,1203,103,0
1074700,COOLING,25,340,-20,1203,103,0
1075700,COOLING,25,346,-20,1203,103,0
1076700,COOLING,25,342,-20,1203,103,0
1077700,COOLING,25,346,-20,1203,103,0
1078700,COOLING,25,341,-20,1203,103,0
1079700,COOLING,25,346,-20,1203,103,0
1080700,COOLING,25,344,-30,1203,103,0
1081700,COOLING,25,341,-30,1203,103,0
1082700,COOLING,25,342,-30,1203,103,0
1083700,COOLING,25,341,-30,1203,103,0
1084700,COOLING,25,341,-30,1203,103,0
1085700,COOLING,25,340,-30,1203,103,0
1086700,COOLING,25,341,-30,1203,103,0
1087700,COOLING,25,340,-30,1203,103,0
1088700,COOLING,25,341,-30,1203,103,0
1089700,COOLING,25,345,-30,1203,103,0
1090700,COOLING,25,338,-60,1203,103,0
1091700,COOLING,25,338,-60,1203,103,0
1092700,COOLING,25,335,-60,1203,103,0
1093700,COOLING,25,331,-60,1203,103,0
1094700,COOLING,25,335,-60,1203,103,0
1095700,COOLING,25,334,-60,1203,103,0
1096700,COOLING,25,332,-60,1203,103,0
1097700,COOLING,25,337,-60,1203,103,0
1098700,COOLING,25,347,-60,1203,103,0
1099700,COOLING,25,331,-60,1203,103,0
1100700,COOLING,25,338,0,1203,103,0
1101700,COOLING,25,332,0,1203,103,0
1102700,COOLING,25,337,0,1203,103,0
1103700,COOLING,25,332,0,1203,103,0
1104700,COOLING,25,343,0,1203,103,0
1105700,COOLING,25,335,0,1203,103,0
1106700,COOLING,25,326,0,1203,103,0
1107700,COOLING,25,335,0,1203,103,0
1108700,COOLING,25,326,0,1203,103,0
1109700,COOLING,25,330,0,1203,103,0
1110700,COOLING,25,323,-150,1203,103,0
1111700,COOLING,25,332,-150,1203,103,0
1112700,COOLING,25,336,-150,1203,103,0
1113700,COOLING,25,327,-150,1203,103,0
1114700,COOLING,25,332,-150,1203,103,0
1115700,COOLING,25,332,-150,1203,103,0
1116700,COOLING,25,332,-150,1203,103,0
1117700,COOLING,25,323,-150,1203,103,0
1118700,COOLING,25,332,-150,1203,103,0
1119700,COOLING,25,324,-150,1203,103,0
1120700,COOLING,25,333,100,1203,103,0
1121700,COOLING,25,328,100,1203,103,0
1122700,COOLING,25,325,100,1203,103,0
1123700,COOLING,25,334,100,1203,103,0
1124700,COOLING,25,324,100,1203,103,0
1125700,COOLING,25,332,100,1203,103,0
1126700,COOLING,25,326,100,1203,103,0
1127700,COOLING,25,327,100,1203,103,0
1128700,COOLING,25,328,100,1203,103,0
1129700,COOLING,25,317,100,1203,103,0
1130700,COOLING,25,330,-30,1203,103,0
1131700,COOLING,25,326,-30,1203,103,0
1132700,COOLING,25,321,-30,1203,103,0
1133700,COOLING,25,324,-30,1203,103,0
1134700,COOLING,25,322,-30,1203,103,0
1135700,COOLING,25,327,-30,1203,103,0
1136700,COOLING,25,325,-30,1203,103,0
1137700,COOLING,25,327,-30,1203,103,0
1138700,COOLING,25,328,-30,1203,103,0
1139700,COOLING,25,328,-30,1203,103,0
1140700,COOLING,25,320,-100,1203,103,0
1141700,COOLING,25,323,-100,1203,103,0
1142700,COOLING,25,326,-100,1203,103,0
1143700,COOLING,25,326,-100,1203,103,0
1144700,COOLING,25,324,-100,1203,103,0
1145700,COOLING,25,331,-100,1203,103,0
1146700,COOLING,25,324,-100,1203,103,0
1147700,COOLING,25,325,-100,1203,103,0
1148700,COOLING,25,324,-100,1203,103,0
1149700,COOLING,25,327,-100,1203,103,0
1150700,COOLING,25,319,-10,1203,103,0
1151700,COOLING,25,318,-10,1203,103,0
1152700,COOLING,25,321,-10,1203,103,0
1153700,COOLING,25,321,-10,1203,103,0
1154700,COOLING,25,328,-10,1203,103,0
1155700,COOLING,25,317,-10,1203,103,0
1156700,COOLING,25,321,-10,1203,103,0
1157700,COOLING,25,317,-10,1203,103,0
1158700,COOLING,25,322,-10,1203,103,0
1159700,COOLING,25,324,-10,1203,103,0
1160700,COOLING,25,320,10,1203,103,0
1161700,COOLING,25,316,10,1203,103,0
1162700,COOLING,25,320,10,1203,103,0
1163700,COOLING,25,327,10,1203,103,0
1164700,COOLING,25,312,10,1203,103,0
1165700,COOLING,25,324,10,1203,103,0
1166700,COOLING,25,319,10,1203,103,0
1167700,COOLING,25,324,10,1203,103,0
1168700,COOLING,25,324,10,1203,103,0
1169700,COOLING,25,320,10,1203,103,0
1170700,COOLING,25,315,-50,1203,103,0
1171700,COOLING,25,312,-50,1203,103,0
1172700,COOLING,25,319,-50,1203,103,0
1173700,COOLING,25,322,-50,1203,103,0
1173900,COMPLETE,25,307,-50,1203,103,0
